SampleGet an email address at sample.org. It's ad-free, reliable email that's based on your own name | sample.orgSample or samples may refer to:This is an example page. Its different from a blog post because it will stay in one place and will show up in your site navigation (in most themes). Most people start with an About page that introduces them to potential site visitors.Share
Were proud to announce the availability of the Virtual Reality Samples Project, a set of three levels that demonstrates techniques used in the production of VR content. The new project, available as a standalone download here, showcases VR features including stereo video playback, haptic feedback, and spatial audio. These levels provide a starting point from []Q&A for users of the Magento e-Commerce platformFind high quality Everything Else free samples for you. A great variety of Everything Else samples are available at no charge from China wholesalers on DHO2O.No strings attached. Get hundreds of legitimate free samples of products from brand name companies.  Free shipping.Copyright  2019 FreeDealsForU.com. All Rights Reserved
Rs.13,499Send this kind of sick leave email to your boss if you are thinking to inform him about your leave due to some medical reasons.Just another Listings To Leads site
SearchFree Samples | Free Samples IndiaResume samples with headline, objective statement, description and skills examples. Download sample resume templates in PDF, Word formats.Resume samples free resume templates for word 2018 enom warb co sample resume with professional title for job objective job resume 80 free resume examples by industry resumegenius job resume sample berathen com best software engineer resume example livecareer free resume examples by industry job title livecareer why this is an excellent resume business insider job samples for resume samples for first job enom warb co job resume examples thisisantler 20 resume templates download create your resume in 5 minutesProfessional College Football Coach Resume Templates To Showcase throughout Football Coaching Resumes Pretty Resume Coach 7 Professional Assistant Football
Page 1 of 142:Visit the post for more.Apache Beam is an open source, unified model and set of language-specific SDKs for defining and executing data processing workflows, and also data ingestion and integration flows, supporting Enterprise Integration Patterns (EIPs) and Domain Specific Languages (DSLs). Dataflow pipelines simplify the mechanics of large-scale batch and streaming data processing and can run on a number of runtimes like Apache Flink, Apache Spark, and Google Cloud Dataflow (a cloud service). Beam also brings DSL in different languages, allowing users to easily implement their data integration processes.March 27, 2014
This is an example page. Its different from a blog post because it will stay in one place and will show up in your site navigation (in most themes). Most people start with an About page that introduces them to potential site visitors. It might say something like this:
Hi there! Im a bike messenger by day, aspiring actor by night, and this is my blog. I live in Los Angeles, have a great dog named Jack, and I like pia coladas. (And gettin caught in the rain.)
or something like this:
The XYZ Doohickey Company was founded in 1971, and has been providing quality doohickeys to the public ever since. Located in Gotham City, XYZ employs over 2,000 people and does all kinds of awesome things for the Gotham community.
As a new WordPress user, you should go to
to delete this page and create new pages for your content. Have fun!
No Comments |A sample invoice created by the Shopify invoice generator. Make your own custom invoice for free and download in PDF format.A free, fast, and reliable Open Source CDN for npm and GitHub with the largest network and best performance among all CDNs. Serving more than 30 billion requests per month.r/comics: Everything related to print comics (comic books, graphic novels, and strips) and web comics.  Artists are encouraged to post their own work.  News and media for adaptations based on comic books are welcome. Read [the subreddit wiki](https://www.reddit.com/r/comics/wiki/index) for more information about the subreddit.Stream sample by PURE. from desktop or your mobile deviceMicroPoint Rendering Images Please click Images. You can see the uncompressed original images.This is an example page. Its different from a blog post because it will stay in one place and will show up in your site navigation (in most themes). Most people start with an About page that introduces them to potential site visitors. It might say something like this: Hi there! Im a bike messenger  Continue reading Sample PageFind GIFs with the latest and newest hashtags! Search, discover and share your favorite Samples GIFs. The best GIFs are on GIPHY.Shop huge inventory of Perfume Samples, Sephora Samples, Makeup Samples and more in Skin Care Samples and Trial Sizes on eBay. Find great deals and get free shipping.[sp# feedList=all]Our most successful customers share their stories
Sample Page
This is an example page. Its different from a blog post because it will stay in one place and will show up in your site navigation (in most themes). Most people start with an About page that introduces them to potential site visitors. It might say something like this:
Hi there! Im a bike messenger by day, aspiring actor by night, and this is my blog. I live in Los Angeles, have a great dog named Jack, and I like pia coladas. (And gettin caught in the rain.)
or something like this:
The XYZ Doohickey Company was founded in 1971, and has been providing quality doohickies to the public ever since. Located in Gotham City, XYZ employs over 2,000 people and does all kinds of awesome things for the Gotham community.
As a new WordPress user, you should go to.
Request One
: John Stockman is an individual investor looking to diversify his portfolio because he is overweight financial and utility stocks. Mr. Stockman wants to find out which of the other eight major sectors have performed the best over the past year, and he also wants to know which have the lowest price/earnings ratios. Mr. Stockman is not familiar with where to obtain this data and does not have time with his busy schedule to research this on his own.
Step 1)
Mr. Stockman fills out a
MyBespoke
request form or calls 914-602-3039 explaining his needs as shown below.
Step 2)
Bespoke

promptly responds to Mr. Stockman's request by phone or email outlining the price and terms of the project.
Step 3)
Mr. Stockman agrees to our proposal and securely pays for the customized project either online or by phone.
MyBespoke
accounts may be set up for regular users.
Step 4)
Bespoke's
research team fulfills Mr. Stockman's request using our vast financial knowledge base and emails his report in a graphic-rich, easy-to-understand format like the example below. We are always available for follow-up explanations and questions.
Request Two
: An institutional investor has a meeting with clients in the near future and needs an analysis of his or her fund's performance over the past year to showcase its strong returns. After building a relationship with
MyBespoke
, the fund manager knows that rather than taking away time from valuable in-house resources, he or she can rely on our team to provide the fast and complete analysis needed. More importantly, the fund manager has come to appreciate the original content that
Bespoke
produces and finds it necessary to add value for clients.
The fund manager either phones in the request or fills out a form similar to the example above, accepts our proposal and agrees on payment, and receives the report in the time frame needed.
Click
or call 914-602-3039 to submit your
MyBespokeNew to Dwarven Forge? Try a sample pack to see and feel Dwarvenite. 3 pieces per pack, chosen at random. Try Dungeons, Caverns, or Minis, expertly hand painted.State of CaliforniaThis is an example page. Its different from a blog post because it will stay in one place and will show up in your site navigation (in most themes). Most people start with an About page that introduces them to potential site visitors. It might say something like this: Hi there! Im a bike messenger . Java is a registered trademark of Oracle and/or its affiliates.
Last updated August 17, 2018.Navigation Menu
Sample Page
This is an example page. Its different from a blog post because it will stay in one place and will show up in your site navigation (in most themes). Most people start with an About page that introduces them to potential site visitors. It might say something like this:
Hi there! Im a bike messenger by day, aspiring actor by night, and this is my blog. I live in Los Angeles, have a great dog named Jack, and I like pia coladas. (And gettin caught in the rain.)
or something like this:
The XYZ Doohickey Company was founded in 1971, and has been providing quality doohickeys to the public ever since. Located in Gotham City, XYZ employs over 2,000 people and does all kinds of awesome things for the Gotham community.
As a new WordPress user, you should go to
to delete this page and create new pages for your content. Have fun!
Submit a Comment
Your email address will not be published.
Required fields are markedsample - Read online for free.on
5 March 2017
Feedback on our new design? Email us Samples Weve got samples in a number of different places. Check out the links below to find out...This is an example page. It's different from a blog post because it will stay in one place and will show up in your site navigation (in most themes). Most people start with an About page that introduces them to potential site visitors. It might say something like this:

Hi there! I'm a bike messenger byRobert (Bob). Passed away peacefully on Wednesday 5th February 2020 at the Chateau des Tielles Nursing Home, aged 89 years. Much loved husband of the late Marjorie (ne Le Lievre)...Debian packaging for libcgroupYour email address will not be published.
Required fields are markedSubmitted by admin on Thu, 11/04/2010 - 3:38am
A sample event.
Call us for more information:
212-263-2989This is an example page. Its different from a blog post because it will stay in one place and will show up in your site navigation (in most themes). Most people start with an About page that introduces them to potential site visitors. It might say something like this: Hi there! Im a bike messengerSeven Men
, telling me the book is now available. His team either pressed send prematurely or they just want us to pre-order yesterday. The print book didnt release till today and the ebook doesnt come out till a week from now. (Btw, why is a publisher delaying the ebooks release by a week? Thats such out-dated thinking.)
I didnt want to buy the ebook yesterday but I wanted to request the sample when its available. The ebook isnt released for seven more days so the sample obviously wont be available till then either. The chances of me remembering to check back next week and request the sample are close to zero.Images for commercial use email for licence infosamples News: Latest and Breaking News on samples. Explore samples profile at Times of India for photos, videos and latest news of samples. Also find news, photos and videos on samplesThe latest articles about samples from Mashable, the media and tech companyFor use in New York City from January 2018 to April 2018.



Instructions: Copy and paste the template for use as a newsletter article or use as an email blast.

IRS May Have Money For You From 2014

Check your mailbox. You may be one of the 4,676 New York City residents receiving a letter from the New York City Department of Finance about the 2014 Earned Income Tax Credit.

Don't ignore it.This is an example page. Its different from a blog post because it will stay in one place and will show up in your site navigation (in most themes). Most people start with an About page that introduces them to potential site visitors. It might say something like this: Hi there! Im a bike messenger This is an example page. Its different from a blog post because it will stay in one place and will show up in your site navigation (in most themes). Most people start with an About page thatQt Android Helpers and Native Views. Compatible with Grym port of Qt 4.8 and official Qt 5.x.This is an example page.  It's different from a blog post because it will stay in one place and will show up in your site navigation (in most themes)Everything with the topic 'Samples' on VICEThis is an example page. Its different from a blog post because it will stay in one place and will show up in your site navigation (in most themes). MostRead MorePTA Website
Sample Page
This is an example page. Its different from a blog post because it will stay in one place and will show up in your site navigation (in most themes). Most people start with an About page that introduces them to potential site visitors. It might say something like this:
Hi there! Im a bike messenger by day, aspiring actor by night, and this is my blog. I live in Los Angeles, have a great dog named Jack, and I like pia coladas. (And gettin caught in the rain.)
or something like this:
The XYZ Doohickey Company was founded in 1971, and has been providing quality doohickies to the public ever since. Located in Gotham City, XYZ employs over 2,000 people and does all kinds of awesome things for the Gotham community.
As a new WordPress user, you should go to
to delete this page and create new pages for your content. Have fun!
CategoriesSample Page
Sample Page
This is an example page. Its different from a blog post because it will stay in one place and will show up in your site navigation (in most themes). Most people start with an About page that introduces them to potential site visitors. It might say something like this:
Hi there! Im a bike messenger by day, aspiring actor by night, and this is my blog. I live in Los Angeles, have a great dog named Jack, and I like pia coladas. (And gettin caught in the rain.)
or something like this:
The XYZ Doohickey Company was founded in 1971, and has been providing quality doohickies to the public ever since. Located in Gotham City, XYZ employs over 2,000 people and does all kinds of awesome things for the Gotham community.
As a new WordPress user, you should go toWelcome to your brand new blog!
This is a sidebar and can be changed inPackage sample provides a set of templates for internal testing of Mixer.This is an example page. Its different from a blog post because it will stay in one place and will show up in your site navigation (in most themes). Most people start with an About page that introduces them to potential site visitors. It might say something like this: Hi there! Im a bike messenger by day, aspiring actor by night, and this is my website. I live in LosContinue reading...ORI "Forensic Images Samples" for the quick examination of scientific images

Some Important Principles to Remember:Select Page
Sample Page
This is an example page. Its different from a blog post because it will stay in one place and will show up in your site navigation (in most themes). Most people start with an About page that introduces them to potential site visitors. It might say something like this:
Hi there! Im a bike messenger by day, aspiring actor by night, and this is my website. I live in Los Angeles, have a great dog named Jack, and I like pia coladas. (And gettin caught in the rain.)
or something like this:
The XYZ Doohickey Company was founded in 1971, and has been providing quality doohickeys to the public ever since. Located in Gotham City, XYZ employs over 2,000 people and does all kinds of awesome things for the Gotham community.
As a new WordPress user, you should go to
to delete this page and create new pages for your content. Have fun!
Search for:Steve Burholt - Just another IT Services Blogs siteVisit the post for more.Oxford University Press USA  publishes scholarly works in all academic disciplines, bibles, music, children's books, business books, dictionaries, reference books, journals, text books and more.  Browse our more than 30,000 titles on www.oup.com/us.Zhanwen Du, Jing Song, Yong Wang, Yiqing Zhao, Kishore Guda, Shuming Yang, Hung-Ying Kao, Yan Xu, Joseph Willis, Sanford D. Markowitz, David Sedwick, Robert M. Ewing, and Zhenghe Wang
2009: Research Articles
Tyrosine Phosphorylation Inhibits PKM2 to Promote the Warburg Effect and Tumor Growth
Taro Hitosugi, Sumin Kang, Matthew G. Vander Heiden, Tae-Wook Chung, Shannon Elf, Katherine Lythgoe, Shaozhong Dong, Sagar Lonial, Xu Wang, Georgia Z. Chen, Jianxin Xie, Ting-Lei Gu, Roberto D. Polakiewicz, Johannes L. Roesel, Titus J. Boggon, Fadlo R. Khuri, D. Gary Gilliland, Lewis C. Cantley, Jonathan Kaufman, and Jing ChenPowered by XEThere is no abstract available for this article, but its contents are reflected in the displayed keywords.This is an example page. Its different from a blog post because it will stay in one place and will show up in your site navigation (in most themes). Most people start with an About page that introduces them to potential site visitors. It might say something like this: Hi there! Im a bike messenger by day, aspiring actor by night, and this is my website. I live in Los Angeles, have a great dogRead moreDownload in your account
View Demo  * Please note that the Sample child theme requires the Genesis Framework.  Features  6 page layouts, custom background, custom header, custom menus, footer widgets, threaded commentsContinue Reading about Sample Child ThemeThis is an example page. It's different from a blog post because it will stay in one place and will show up in your site navigation (in most themes). MostPrivacy & Opting Out of Cookies
A non-profit organization, IEEE is the world's largest professional association for the advancement of technology.
 Copyright 2018 IEEE  All rights reserved. Use of this Web site signifies your agreement to the terms and conditions.We just sent you an email.
Please click the link in the email to confirm your subscription!Begin typing your search above and press return to search. Press Esc to cancel.
Sample
Page
This is an example page. Its different from a blog post because it will stay in one place and will show up in your site navigation (in most themes). Most people start with an About page that introduces them to potential site visitors. It might say something like this:
Hi there! Im a bike messenger by day, aspiring actor by night, and this is my website. I live in Los Angeles, have a great dog named Jack, and I like pia coladas. (And gettin caught in the rain.)
or something like this:
The XYZ Doohickey Company was founded in 1971, and has been providing quality doohickeys to the public ever since. Located in Gotham City, XYZ employs over 2,000 people and does all kinds of awesome things for the Gotham community.
As a new WordPress user, you should go toThis is an example page. It's different from a blog post because it will stay in one place and will show up in your site navigation (in most themes). MostVisit the post for more.Stories about how House of Commons Committees are engaging with the publicThis is an example page. Its different from a blog post because it will stay in one place and will show up in your site navigation (in most themes). Most people start with an About page thatProtecting People with Special Needs from the Dangers of Caregiver Fatigue
Document:This is an example page. Its different from a blog post because it will stay in one place and will show up in your site navigation (in most themes). Most Coub is YouTube for video loops. You can take any video, trim the best part, combine with other videos, add soundtrack. It might be a funny scene, movie quote, animation, meme or a mashup of multiple sources.Browse content tagged with "Samples" on Channel 9.This study was undertaken to provide information on the characteristics and distribution of surficial sediments off the eastern United States. Accordingly, long traverses were run across the continental shelf and in most case carrying over the shelf break.  This data set includes data from  those 9 traverses which were conducted north of Virginia. These data constitute the first systematic sampling of the U.S. Atlantic margin to show the effects of environmental factors (e.g. increasing distance from shore, water depth) on the sediment distribution.  Sampling was performed with a primitive grab sampler; navigational methods were not discussed in this report.University of Alberta
Click here to edit contents of this page.
Click here to toggle editing of individual sections of the page (if possible).         Watch headings for an "edit" link when available.
Append content without editing the whole page source.
Check out how this page has evolved in the past.
If you want to discuss contents of this page - this is the easiest way to do it.
View and manage file attachments for this page.
A few useful tools to manage this Site.
See pages that link to and include this page.
Change the name (also URL address, possibly the category) of the page.
View wiki source for this page without editing.
View/set parent page (used for creating breadcrumbs and structured layout).
Notify administrators if there is objectionable content in this page.
Something does not work as expected? Find out what you can do.
General Wikidot.com documentation and help section.
Wikidot.com Terms of Service - what you can, what you should not etc.
Wikidot.com Privacy Policy.Sample definition is - a representative part or a single item from a larger whole or group especially when presented for inspection or shown as evidence of quality : specimen. How to use sample in a sentence.  Synonym Discussion of sample..__(Email address).
.__(Phone number).
; ?>
<?php if ($_GET['action']=='search') { $results = mysql_query("SELECT * FROM wp_addressbook WHERE organisation LIKE '%".($_GET['q'])."%' OR surname LIKE '%".($_GET['q'])."%' OR organisation LIKE '%".($_GET['q'])."%' OR email LIKE '%".($_GET['q'])."%' OR phone LIKE '%".($_GET['q'])."%' OR notes LIKE '%".($_GET['q'])."%' ORDER BY organisation"); } else { $results = mysql_query("SELECT * FROM wp_addressbook ORDER BY organisation"); } while($row = mysql_fetch_array( $result )) { echo"America/Los_Angeles
Contrary to popular belief, Lorem Ipsum is not simply random text
It is a long established fact that a reader will be distracted by the readable content of a page when looking at its layout. The point of using Lorem Ipsum is that it has a more-or-less normal distribution of letters, as opposed to using 'Content here, content here', making it look like readable English.
What you will learn from this Webinar
The Six Budget Planning Archetypes:
There are many different approaches to budgeting and planning for market research projects and initiatives and very few of the ones weve seen are efficient or even strategic. Learn how to avoid them.
Guiding Principles for Better Budgeting:
Organize your budget to align with your KPIs, budget for your static programs like CX and benchmarking, plan for strategic business-driving research, and always leave room for the unknown.
How to Build a Pie in the Sky Budget:
Once you align around KPIs, youll learn how to reframe research as revenue-generating, focus on needs-based activity, and perform usage audits to make sure your research is being used.
ON-DEMAND WEBINARGallery Test
Sample Page
This is an example page. Its different from a blog post because it will stay in one place and will show up in your site navigation (in most themes). Most people start with an About page that introduces them to potential site visitors. It might say something like this:
Hi there! Im a bike messenger by day, aspiring actor by night, and this is my blog. I live in Los Angeles, have a great dog named Jack, and I like pia coladas. (And gettin caught in the rain.)
or something like this:
The XYZ Doohickey Company was founded in 1971, and has been providing quality doohickies to the public ever since. Located in Gotham City, XYZ employs over 2,000 people and does all kinds of awesome things for the Gotham community.
As a new WordPress user, you should go to
to delete this page and create new pages for your content. Have fun!
Leave a Reply
Your email address will not be published.
Required fields are markedThis is an example page. Its different from a blog post because it will stay in one place and will show up in your site navigation (in most themes). Most people start with an About page thatClick here and start typing. Sed ut perspiciatis unde omnis iste natus error sit voluptatem accusantium doloremque.This is an example page. Its different from a blog post because it will stay in one place and will show up in your site navigation (in most themes). Most people start with an About page thatThis is an example page. Its different from a blog post because it will stay in one place and will show up in your site navigation (in most themes). Most people start with an About page that introduces them to potential site visitors. It might say something like this: Hi there! Im a bike messenger Visual Effect Graph empowers you to author next-generation visual effects through its node-based behaviors and GPU-based compute power. For starters, we re...Welcome to SITE_NAME. This is your new site.This is an example page. Its different from a blog post because it will stay in one place and will show up in your site navigation (in most themes). Most people start with an About page thatSample Survey.Recent highlights from my work: PRL 2016, Editors' Suggestion:Contact UsDepartment of Physics191 West Woodruff AveColumbus OH, 43210
  E-Mail: physics@osu.edu
  Phone: 614 292-5713Privacy PolicyQuestions, Feedback, Accessibilityall images  Joelle Leder Photography Studio
|
|
Joelle Leder Photography Studio & Wedding Event Planning | Copyright 2002 - 2018
Joelle Leder Photography Studio & Wedding Event Planning Services | JustDaisy Gift Boutique | Retail Store and Photo Studio in Oakhurst California | Based in Manhattan Beach, Bass Lake and Yosemite Area California | Serving Manhattan Beach | Los Angeles | Beverly Hills | Malibu | Redondo Beach | Hermosa Beach | South Bay | Pasadena | Santa Monica | Diamond Bar | Fullerton | Anaheim | Mission Viejo | Laguna Beach | Orange County | San Diego | Palm Springs | Oakhurst | Ahwahnee | Bass Lake | Mariposa | Fresno |California Wedding Photographers | Manhattan Beach Photographers | Yosemite Photographers | Bass Lake Family Reunion Photographer | Elopement Packages | High Profile | Central Valley Photographer | Wedding | Engagement Portraits | High School Senior Portraits | High Fashion Models | Actor Model Photography | Corporate Executive Head Shots | Birthday Party Photographs | Trash the Dress Day After Sessions | High Profile Clients | Holiday Parties Events | Holiday Family Sessions | Charity Fundraisers Philanthropy | Modern Style Photos | Environmental Portraits | Fine Art Landscape | Canvas Gallery Wraps | Full Page Ad Seventeen Magazine | Celebrity Photography | Isabelle Fuhrman Photographer | Disneyland Fairytale Wedding | The Container Store | Rosenthal Estate Winery Surfrider Wine Labels | Lawry's Prime Rib Catering Tailgates | The Container Store | Hot Air Balloon | Queen Mary Weddings | Catalina Casino Ballroom | Union Station | Starline Tours Hollywood | Miss Diamond Bar Pageant | Erna's Elderberry House | Chateau du Sureau | The Ahwahnee Majestic Hotel Wedding Photography | Tenaya Lodge | Wolf Lakes Sanger CA | Classic Car Show | Yosemite Half Marathon | Red Carpet Photographer | On Location or in Studio | Stock Images | Landscape Images in Retail Stores and Galleries | Award Winning Photographer | Published Photographer |Visit the post for more.testAll the latest news about sample from Phys.orgThis is an example page. Its different from a blog post because it will stay in one place and will show up in your site navigation (in most themes). Most people start with an About page thatThis is an example page. It's different from a blog post because it will stay in one place and will show up in your site navigation (in most themes). Most people start with an Aboutof the USC Price School and Doug Jeffe on the California primaries.
TaggedThis is an example page. Its different from a blog post because it will stay  MoreSample Page
Sample Page
This is an example page. Its different from a blog post because it will stay in one place and will show up in your site navigation (in most themes). Most people start with an About page that introduces them to potential site visitors. It might say something like this:
Hi there! Im a bike messenger by day, aspiring actor by night, and this is my blog. I live in Los Angeles, have a great dog named Jack, and I like pia coladas. (And gettin caught in the rain.)
or something like this:
The XYZ Doohickey Company was founded in 1971, and has been providing quality doohickies to the public ever since. Located in Gotham City, XYZ employs over 2,000 people and does all kinds of awesome things for the Gotham community.
As a new WordPress user, you should go to
to delete this page and create new pages for your content. Have fun!
Leave a Reply
Your email address will not be published.
Required fields are markedTotals may not add to 100% due to rounding.
Respondent decision-making influence
S5. Which of the following best describes your role in the decision-making process for hiring contingent workers?
Base:Welcome to GNOMEs integrated development platform, powered by GitLabSo other day I wrote a demo for MVVM with ReactiveCocoa. Creating MVVM project inherently implies writing unit tests, so I was writing few. While doing Get free shipping on qualified Sample Countertops or Buy Online Pick Up in Store today in the Kitchen department.Schedule a consultation with IRB StaffNews and updates from the Defence Infrastructure OrganisationYour email address will not be published.
Required fields are markedCopy Link
Write an impactful resume by following the Resume Guidelines and Samples found in the Kelley Career Guide.
Compass 2This is an example page. Its different from a blog post because it will stay in one place and will show up in your site navigation (in most themes). Most people start with an About page that introduces them to potential site visitors. It might say something like this: Hi there! Im a bike messenger ...Getty Images Music  Contributor FAQ
Search for:SAMPLEThis is an example page. Its different from a blog post because it will stay in one place and will show up in your site navigation (in most themes). Most people start with an About page thatThis is an example page. Its different from a blog post because it will stay in one place and will show up in your site navigation (in most themes). Most people start with an About page that introduces them to Continue reading about Sample Page This is an example page. It's different from a blog post because it will stay in one place and will show up in your site navigation (in most themes). Most people start with an About page that introduces them to potential site visitors. It might say something like this: Hi there! I'm a bike...Your email address will not be published.
Required fields are markedSelect Page
Sample Page
This is an example page. Its different from a blog post because it will stay in one place and will show up in your site navigation (in most themes). Most people start with an About page that introduces them to potential site visitors. It might say something like this:
Hi there! Im a bike messenger by day, aspiring actor by night, and this is my website. I live in Los Angeles, have a great dog named Jack, and I like pia coladas. (And gettin caught in the rain.)
or something like this:
The XYZ Doohickey Company was founded in 1971, and has been providing quality doohickeys to the public ever since. Located in Gotham City, XYZ employs over 2,000 people and does all kinds of awesome things for the Gotham community.
As a new WordPress user, you should go to
to delete this page and create new pages for your content. Have fun!
Search for:This is an example page. Its different from a blog post because it will stay in one place and will show up in your site navigation (in most themes). Most people start with an About page thatAssistant Professor, ECE FloridaSample Page
September 5th, 2011
This is an example page. Its different from a blog post because it will stay in one place and will show up in your site navigation (in most themes). Most people start with an About page that introduces them to potential site visitors. It might say something like this:
Hi there! Im a bike messenger by day, aspiring actor by night, and this is my blog. I live in Los Angeles, have a great dog named Jack, and I like pia coladas. (And gettin caught in the rain.)
or something like this:
The XYZ Doohickey Company was founded in 1971, and has been providing quality doohickies to the public ever since. Located in Gotham City, XYZ employs over 2,000 people and does all kinds of awesome things for the Gotham community.
As a new WordPress user, you should go to
to delete this page and create new pages for your content. Have fun!
Recently WrittenNews
Sample Page
This is an example page. Its different from a blog post because it will stay in one place and will show up in your site navigation (in most themes). Most people start with an About page that introduces them to potential site visitors. It might say something like this:
Hi there! Im a bike messenger by day, aspiring actor by night, and this is my blog. I live in Los Angeles, have a great dog named Jack, and I like pia coladas. (And gettin caught in the rain.)
or something like this:
The XYZ Doohickey Company was founded in 1971, and has been providing quality doohickeys to the public ever since. Located in Gotham City, XYZ employs over 2,000 people and does all kinds of awesome things for the Gotham community.
As a new WordPress user, you should go to
to delete this page and create new pages for your content. Have fun!
Latest News

Womens and Gender Studies Program | Texas A&M University | 4355 TAMU | College Station, TX 77843-4355 | tel: 979.845.7994 | fax: 979.845.6125This is an example page. Its different from a blog post because it will stay in one place and will show up in your site navigation (in most themes). Most people start with an About page that introduces them to potential site visitors. It might say something like this: Hi there! Im a bike messenger This is an example page. Its different from a blog post because it will stay in one place and will show up in your site navigation (in most themes). Most people start with an About page that introduces them to potential site visitors. It might say something like this: Hi there! Im a bike messenger... 2006 - 2013 Judy Reinen. All rights reserved.Your email address will not be published.
Required fields are markedThis is an example page. Its different from a blog post because it will stay in one place and will show up in your site navigation (in most themes). Most people start with an About page that introduces them to potential site visitors. It might say something like this: Hi there! Im a bike messenger Browse the latest Samples Music & Audio Tutorials by Envato Tuts+ - all online and free! What are you learning today?Addgene
, a nonprofit plasmid repository, to deposit frequently requested plasmids. Please see our page on Addgene:
If you dont see your wanted plasmids on Addgene or if you need other types of materials, please contact Dr. Ai (huiwang.ai at virginia.edu).
Practical Notes for teLuc-DTZ and Antares2-DTZ (Associate Professor, Department of Linguistics @ UMass Amherst
MenuBT Shop  Blog.Sample Form 1098-T
Click on a box number description for more information.
Filer's name, street address, city or town, state or province, country, ZIP or foreign postal code, and telephone number
1National Endowment for the Arts
400 7th Street, SW,Cross-platform .NET/Mono bindings for libVLCAll CIRES Blogs
Sample Page
This is an example page. Its different from a blog post because it will stay in one place and will show up in your site navigation (in most themes). Most people start with an About page that introduces them to potential site visitors. It might say something like this:
Hi there! Im a bike messenger by day, aspiring actor by night, and this is my blog. I live in Los Angeles, have a great dog named Jack, and I like pia coladas. (And gettin caught in the rain.)
or something like this:
The XYZ Doohickey Company was founded in 1971, and has been providing quality doohickeys to the public ever since. Located in Gotham City, XYZ employs over 2,000 people and does all kinds of awesome things for the Gotham community.
As a new WordPress user, you should go to
to delete this page and create new pages for your content. Have fun!
Leave a Reply
Your email address will not be published.
Required fields are markedYour email address will not be published.
Required fields are markedThis is an example page. It's different from a blog post because it will stay in one place and will show up in your site navigation (in most themes). Most people start with an About page that introduces them to potential site visitors. It might say something like this: Hi there! I'm a bike messengerThere are 7 sample projects:
AutoLAWN - programmatic authentication to lawn, can also check to see what your authentication status is
Bluetooth Practice - example of using the BTWrapper
BTWrapper - well documented, almost completely wraps the BT usage process on the mobile device
DesktopBluetooth - simple BT service that will run on j2se -- requires BlueCove api (to read the first three chapters of
THE PRINCESS, THE SCOUNDREL, AND THE FARM BOY
now. Then make sure you have plenty of these titles in stock at your School & Library for all the eager fans looking for more stories from a galaxy far, far, away.
The galaxy is at war. Although the Rebel Alliance has won a few battles against the Empire, hope is fading. The Empire is about to finish building the greatest weapon the galaxy has ever seenthe Death Star. The rebels only chance to defeat it now lies in the unlikely hands of a princess, a scoundrel, and a farm boy. . . . Acclaimed, New York Times bestselling author Alexandra Bracken delivers a captivating retelling of Star Wars: A New Hope like youve never experienced before. Since the premier of the original film, Princess Leia, Han Solo, and Luke Skywalker have become iconic, larger-than-life characters. The Princess, the Scoundrel, and the Farm Boy takes a deeper look at these three heroes as they join forces to defeat the evil that threatens their entire galaxy.
TaggedThe Washington University Aristocats wreak havoc and sing Disney music at Washington University in St. Louis. Listen to our music & join us!Directed evolution of a monomeric, bright, and photostable version of
Clavularia
cyan fluorescent protein: structural characterization and applications in fluorescence imaging
Ai et al.This is an example page. Its different from a blog post because it will stay in one place and will show up in your site navigation (in most themes). Most people start with an About page that introduces them to potential site visitors. It might say something like this: Hi there! Im a bike messenger This is an example page. It's different from a blog post because it will stay in one place and will show up in your site navigation (in most themes). Most people start with an AboutDefinition of sample in the Legal Dictionary - by Free online English dictionary and encyclopedia. What is sample? Meaning of sample as a legal term. What does sample mean in law?Save my name, email, and website in this browser for the next time I comment.
Recent PostsThis is an example page. Its different from a blog post because it will stay in one place and will show up in your site navigation (in most themes). Most people start with an About page thatNo one can pass up the free samples in the first game, because they must be incorporated into the chefs' Mediterranean dishes! Next up, it's lights out as the chefs dash around the store to make a dessert for the discerning judges before Closing Time. In the final game, it's the luck of the spin as the last two chefs make their best dish in Food Wheel.Sample Page
This is an example page. Its different from a blog post because it will stay in one place and will show up in your site navigation (in most themes). Most people start with an About page that introduces them to potential site visitors. It might say something like this:
Hi there! Im a bike messenger by day, aspiring actor by night, and this is my blog. I live in Los Angeles, have a great dog named Jack, and I like pia coladas. (And gettin caught in the rain.)
or something like this:
The XYZ Doohickey Company was founded in 1971, and has been providing quality doohickies to the public ever since. Located in Gotham City, XYZ employs over 2,000 people and does all kinds of awesome things for the Gotham community.
As a new WordPress user, you should go to
to delete this page and create new pages for your content. Have fun!
Most PopularSample Page
This is an example page. Its different from a blog post because it will stay in one place and will show up in your site navigation (in most themes). Most people start with an About page that introduces them to potential site visitors. It might say something like this:
Hi there! Im a bike messenger by day, aspiring actor by night, and this is my website. I live in Los Angeles, have a great dog named Jack, and I like pia coladas. (And gettin caught in the rain.)
or something like this:
The XYZ Doohickey Company was founded in 1971, and has been providing quality doohickeys to the public ever since. Located in Gotham City, XYZ employs over 2,000 people and does all kinds of awesome things for the Gotham community.
As a new WordPress user, you should go to
to delete this page and create new pages for your content. Have fun!
Please follow & like us :)
Join our mailing list and never miss a swap!
Your Email (required)You must be logged in to post a comment.Sample Page
Sample Page
This is an example page. Its different from a blog post because it will stay in one place and will show up in your site navigation (in most themes). Most people start with an About page that introduces them to potential site visitors. It might say something like this:
Hi there! Im a bike messenger by day, aspiring actor by night, and this is my blog. I live in Los Angeles, have a great dog named Jack, and I like pia coladas. (And gettin caught in the rain.)
or something like this:
The XYZ Doohickey Company was founded in 1971, and has been providing quality doohickies to the public ever since. Located in Gotham City, XYZ employs over 2,000 people and does all kinds of awesome things for the Gotham community.
As a new WordPress user, you should go to
to delete this page and create new pages for your content. Have fun!
Leave a Reply
Your email address will not be published. Required fields are marked
*This is an example page. Its different from a blog post because it will stay in one place and will show up in your site navigation (in most themes). Most people start with an About page that introduces them to potential site visitors. It might say something like this: Hi there! Im a bike messenger by day, aspiring actor by night, and this is my website. I live in Los Angeles, have a great dog named Jack, and I like pia coladas. (And gettin caught in the rain.) or somethingIt is important to choose passwords wisely. To check how strong your passwords are, visit this website.Sample Page
This is an example page. Its different from a blog post because it will stay in one place and will show up in your site navigation (in most themes). Most people start with an About page that introduces them to potential site visitors. It might say something like this:
Hi there! Im a bike messenger by day, aspiring actor by night, and this is my blog. I live in Los Angeles, have a great dog named Jack, and I like pia coladas. (And gettin caught in the rain.)
or something like this:
The XYZ Doohickey Company was founded in 1971, and has been providing quality doohickeys to the public ever since. Located in Gotham City, XYZ employs over 2,000 people and does all kinds of awesome things for the Gotham community.
As a new WordPress user, you should go to
to delete this page and create new pages for your content. Have fun!
Search for:This is an example page. Its different from a blog post because it will stay in one place and will show up in your site navigation (in most themes). Most people start with an About page that introduces them to potential site visitors. It might say something like this: Hi there! Im a bike messenger Save your money. It's yours.
Menu and widgets
Sample Page
This is an example page. Its different from a blog post because it will stay in one place and will show up in your site navigation (in most themes). Most people start with an About page that introduces them to potential site visitors. It might say something like this:
Hi there! Im a bike messenger by day, aspiring actor by night, and this is my website. I live in Los Angeles, have a great dog named Jack, and I like pia coladas. (And gettin caught in the rain.)
or something like this:
The XYZ Doohickey Company was founded in 1971, and has been providing quality doohickeys to the public ever since. Located in Gotham City, XYZ employs over 2,000 people and does all kinds of awesome things for the Gotham community.
As a new WordPress user, you should go toSample Page
astra_entry_content_before
This is an example page. Its different from a blog post because it will stay in one place and will show up in your site navigation (in most themes). Most people start with an About page that introduces them to potential site visitors. It might say something like this:
Hi there! Im a bike messenger by day, aspiring actor by night, and this is my website. I live in Los Angeles, have a great dog named Jack, and I like pia coladas. (And gettin caught in the rain.)
or something like this:
The XYZ Doohickey Company was founded in 1971, and has been providing quality doohickeys to the public ever since. Located in Gotham City, XYZ employs over 2,000 people and does all kinds of awesome things for the Gotham community.
As a new WordPress user, you should go to
to delete this page and create new pages for your content. Have fun!
astra_entry_content_afterYou have been successfully signed up. This page will refresh momentarily.
Sign Up
Sign up for your Dallas News Real Estate account
EmailThis is an example page. It's different from a blog post because it will stay in one place and will show up in your site navigation (in most themes). MostThis is an example page. Its different from a blog post because it will stay in one place and will show up in your site navigation (in most themes). Most people start with an About page thatSample Page
Sample Page
This is an example page. Its different from a blog post because it will stay in one place and will show up in your site navigation (in most themes). Most people start with an About page that introduces them to potential site visitors. It might say something like this:
Hi there! Im a bike messenger by day, aspiring actor by night, and this is my blog. I live in Los Angeles, have a great dog named Jack, and I like pia coladas. (And gettin caught in the rain.)
or something like this:
The XYZ Doohickey Company was founded in 1971, and has been providing quality doohickies to the public ever since. Located in Gotham City, XYZ employs over 2,000 people and does all kinds of awesome things for the Gotham community.
As a new WordPress user, you should go to
to delete this page and create new pages for your content. Have fun!
Leave a Reply
Your email address will not be published.
Required fields are markedThis is an example page. Its different from a blog post because it will stay in one place and will show up in your site navigation (in most themes). Most people start with an About page that introduces them to potential site visitors. It might say something like this: Hi there! Im a bike messenger Sample Page
This is an example page. Its different from a blog post because it will stay in one place and will show up in your site navigation (in most themes). Most people start with an About page that introduces them to potential site visitors. It might say something like this:
Hi there! Im a bike messenger by day, aspiring actor by night, and this is my blog. I live in Los Angeles, have a great dog named Jack, and I like pia coladas. (And gettin caught in the rain.)
or something like this:
The XYZ Doohickey Company was founded in 1971, and has been providing quality doohickies to the public ever since. Located in Gotham City, XYZ employs over 2,000 people and does all kinds of awesome things for the Gotham community.
As a new WordPress user, you should go to
to delete this page and create new pages for your content. Have fun!
Leave a ReplyThis is an example page. It's different from a blog post because it will stay in one place and will show up in your site navigation (in most themes). Most people start with an About page that introduces them to potential site visitors. It might say something like this:

Hi there! I'm a bike messenger byJust another WordPress site
Sample Page
This is an example page. Its different from a blog post because it will stay in one place and will show up in your site navigation (in most themes). Most people start with an About page that introduces them to potential site visitors. It might say something like this:
Hi there! Im a bike messenger by day, aspiring actor by night, and this is my website. I live in Los Angeles, have a great dog named Jack, and I like pia coladas. (And gettin caught in the rain.)
or something like this:
The XYZ Doohickey Company was founded in 1971, and has been providing quality doohickeys to the public ever since. Located in Gotham City, XYZ employs over 2,000 people and does all kinds of awesome things for the Gotham community.
As a new WordPress user, you should go toPosts about samples written by David Pescovitz and Rob BeschizzaThis is an example page. Its different from a blog post because it will stay in one place and will show up in your site navigation (in most themes). Most people start with an About page that20h
And the @MoonbeamAwards goes to...
See the full list of 2018 winners here - https://t.co/lWN6WfhiGT - we're delighted to have 4 JKP books among them!This is an example page. Its different from a blog post because it will stay in one place and will show up in your site navigation (in most themes). Most people start with an About page that introduces them to potential site visitors. It might say something like this: Hi there! Im a bike messenger []Search for:
Sample Page
This is an example page. Its different from a blog post because it will stay in one place and will show up in your site navigation (in most themes). Most people start with an About page that introduces them to potential site visitors. It might say something like this:
Hi there! Im a bike messenger by day, aspiring actor by night, and this is my blog. I live in Los Angeles, have a great dog named Jack, and I like pia coladas. (And gettin caught in the rain.)
or something like this:
The XYZ Doohickey Company was founded in 1971, and has been providing quality doohickeys to the public ever since. Located in Gotham City, XYZ employs over 2,000 people and does all kinds of awesome things for the Gotham community.
As a new WordPress user, you should go to
to delete this page and create new pages for your content. Have fun!
Just another WordPress siteThis is a quick start guide to setting up your blog.
GETTING STARTEDA tour of the Simple Framework project, which has sample code using the EOS SDK.Isihumusho segama elithi sample | There was a free sample of perfume with the magazine I boughtStay tuned to Complex for new Sample content daily.How to add your own samples
Samples
MAP hosts a database for a potentially large inventory of samples which reside, physically, on the shelves of contributing members. This portal allows users to request an account and post samples in their possession. Such samples will then be "available" for others to peruse. A potential collaborator may then contact the sample owner via information in the
page in order to discuss research ideas. Please click on the links on the side panel to begin browsing samples, to view pictures of samples, or to learn how to add your own samples!
Photos from Christian KlocMind is the leading mental health charity in England and Wales. We work to create a better life for everyone with experience of mental distress.4 comments
This is some dummy copy. Youre not really supposed to read this dummy copy, it is just a place holder for people who need some type to visualize what the actual copy might look like if it were real content. If you want to read, I might suggest a good book, perhaps Hemingway or Melville. Thats why they call it, []Reasons to get in touch
You can't find an answer to your problem on this website
You would like to request training
You would like a product demonstration
You are having trouble logging in or have a technical problem
Subscribe for updatesYouTube
Award-winning geodata
Our own cartographers create and update all of our mapping products, and GfK market research experts calculate our diverse market datasets.
Want to see what our geodata looks like?
Access and view our map samplesXVIDEOS (Sample) freeThis is an example page. Its different from a blog post because it will stay in one place and will show up in your site navigation (in most themes). Most people start with an About page that introduces them to potential site visitors. It might say something like this: Hi there! Im a bike messengerFree SamplePhoto collection by Sweet Pea PhotographyYep, That&#39;s Street Fighter On Kanye West&#39;s New AlbumIn statistics, a manageably small subset of a population from which information can be collected and conclusions about the population can be inferred. Sampleslorem ipsumStudents respond best to well-designed internship projects that build professional competencies and skills. Students participate in internships mainly to learn. Postings should be clear, focused on real-world projects, and balanced between responsibilities and learning.File sample,
                1.0 MB
                (added by hackeron, 2 years ago)
Latest sample
HTML preview not available, since no preview renderer could handle it.
      Try downloading the file instead.Stephen Rush
Oct 20, 2018
Love them! I keep coming back to SM because they continually knock it out of the park.
Super fast samples without any corner cutting!
Oct 19, 2018
I love how fast and clean Sticker Mule got my samples to me. We are a newer company and always rolling out new product. Getting labeling done quickly and professionally is a must for branding. Sticker Mule nails it.
Love my stickers!
Oct 19, 2018
My design looks great, very clear and high quality. Customer service was incredibly helpful in making sure my design turned ed out nicely. I will definitely recommend sticker mule to friends and continue ue using your services.
AWESOME
Darlene Tran
Oct 19, 2018
My stickers came out so well and the quality is amazing. It is indeed waterproof. It was cool to work with stickermule on the proofs too and they got back to me quickly. Thank you so much!Gender Studies. Copyright  2018	University of Notre Dame. Gender Studies
            Notre Dame, IN 46556 USA. Accessibility InformationA sample quiz you can copy to your own website to learn how to use the quiz page template in SiteBuilder.This page contains sample informationMukurtu CMS is managed by the Center for Digital Scholarship and Curation at Washington State University and funded in part by the National Endowment for the Humanities and the Institute of Museum and Library Services.
Follow Mukurtu on TwitterNASA has been to the Moon several times, but its been a while since the last visit. When astronauts explored the lunar surface during the Apollo missions they hauled back a whole bunch
>>Adafruit will not be shipping USPS orders Monday February 18, 2019 for the federal holiday, Presidents Day. Expedited USPS orders placed after 11am ET Friday February 15 will go out Tuesday February 19.
toggle menuNational School of Development,           Peking University
E-mail webmaster:Watch Free Samples movie trailer and get the latest cast info, photos, movie review and more on TVGuide.com.This is an example page. It's different from a blog post because it will stay in one place and will show up in your site navigation (in most themes). Most people start with an About page that introduces them to potential site visitors. It might say something like this: Hi there! I'm a bike messenger by day, aspiring actor by night, and this is my website. I live in Los Angeles, have a great dog named Jack, and I like pia coladas. (And gettin' caught in the rain.) ...or something like this: The XYZ Doohickey Company was founded in 1971, and has been providing quality doohickeys to the public ever since. Located in Gotham City, XYZ employs over 2,000 people and does all kinds of awesome things for the Gotham community. As a new WordPress user, you should go to your dashboard to delete this page and create new pages for your content. Have fun!Page titles are red, with a gray underline. They use the Heading 1 font format. Font Formats You can change the font format into a heading. When editing the page, show the second row of icons by clicking the small grid all the right of the top row. Headings have bold colors, and more spacing to  ...Subscribe to our monthly newsletter
First Namewhy am I receiving in correct hair product my hair is oily and I am receiving product for course dry hair I am unable to useCheck out our Free Sample Reward and learn how you can use Rewards to give out free samples.Get the latest on Free Sample from Teen Vogue. Find articles, slideshows and more.Vermont Department of Motor Vehicles
120 State Street|
Abby
Comment
Filed Under:
Disclosure: This page may contain external affiliate links that may result in LyraThemes.com receiving a commission if you make a purchase using the links. The opinions and reviews on this page are completely our own.
Leave a Reply
Your email address will not be published.
Required fields are markedThese Sample names could suit a business, product or brand.(Note: make sure your browser doesn't         change file extension or append a new one).
The easiest way to run this application is simply to move the war file         to your
CATALINA_BASE/webapps
directory. A default Tomcat install         will automatically expand and deploy the application for you. You can         view it with the following URL (assuming that you're running tomcat on         port 8080 which is the default):
If you just want to browse the contents, you can unpack the war file         with the
jarLiquid Drum n Bass
TR-8S
New kits and patterns of Drum n BassSilver nugget from the Lomo del Toro mine,  Cuajado, Zimapan, Hidalgo, Mexico. Museum Number Loan:met.1-2018.This is an example of a page. Unlike posts, which are displayed on your blogs front page in the order theyre published, pages are better suited for content that you dont expect to update fState Library resources and services recommended for OHA's Office of Equity & InclusionFollow the latest news and comprehensive coverage on SAMPLE at CNA..Exponent Rules Math Learning UpgradeLatest News on Samples. Read breaking stories and opinion articles on Samples at FirstpostA journal dedicated to humanistic scholarship related to libraries and librarianship, including historical, theoretical, practical, ethical, and cultural aspects of the field.Samples - News on gender, culture, and politics. | JezebelMarkup: Text Alignment
Default
This is a paragraph. It should not have any alignment of any kind. It should just flow like you would normally expect. Nothing fancy. Just straight up text, free flowing, with love. Completely neutral and not picking a side or sitting on the fence. It just is. It just freaking is. It likes where it is. It does not feel compelled to pick a side. Leave him be. It will just be better that way. Trust me.
Left Align
This is a paragraph. It is left aligned. Because of this, it is a bit more liberal in its views. Its favorite color is green. Left align tends to be more eco-friendly, but it provides no concrete evidence that it really is. Even though it likes share the wealth evenly, it leaves the equal distribution up to justified alignment.
Center Align
This is a paragraph. It is center aligned. Center is, but nature, a fence sitter. A flip flopper. It has a difficult time making up its mind. It wants to pick a side. Really, it does. It has the best intentions, but it tends to complicate matters more than help. The best you can do is try to win it over and hope for the best. I hear center align does take bribes.
Right Align
This is a paragraph. It is right aligned. It is a bit more conservative in its views. Its prefers to not be told what to do or how to do it. Right align totally owns a slew of guns and loves to head to the range for some practice. Which is cool and all. I mean, its a pretty good shot from at least four or five football fields away. Dead on. So boss.
Justify Align
This is a paragraph. It is justify aligned. It gets really mad when people associate it with Justin Timberlake. Typically, justified is pretty straight laced. It likes everything to be in its place and not all cattywampus like the rest of the aligns. I am not saying that makes it better than the rest of the aligns, but it does tend to put off more of an elitist attitude.Below is a sample plan for a student beginning in their first year, organized by credit hour. This is just a suggestion. You should adapt the timeline toSample Invoice template designed for professionals. This simple free template is available to print, download and save to your desktop.Demo GI SiteGet information about sample in Urdu on News18 Urdu, Explore sample with Videos, News, Photos in Urdu with News18 Urdu.LibGuides: European Newsstream: Sample SearchesSample Page - Nolo's Employment Law Blog | Nolo's Employment Law BlogThis project is a catalog of samples for the NetBeans IDE.This morning I hit the gym to catch a spinning class. In the locker room, I noticed a basket with free product samples on the counter. They werent from the gym, they were from Dove. Sealed iYou may refer to this if you are uncertain of what information should be under each sectionSubscribe to Blog via Email
Enter your email address to subscribe to this blog and receive notifications of new posts by email.
Email AddressAsking questions and processing answers.EMBL-EBIsampleYour email address will not be published.
Required fields are markedJust another Wayne State blogTestSamples of committee documents for committees at The University of Western AustraliaVisit the post for more.Browse sample articles on Geek.com for the latest reviews, news, pictures, information about downloads and pricing, and other details about sample.A Kumu Presentation.Policy
Samples
These samples are of contracting documents that are used at various stages in the acquisition lifecycle. They provide examples that follow the strategies & best practices for buying and managing digital services and products. These can be used as a model or a template for crafting documents that have similar outputs.
CO
Agile Development RFQ Sample
Used to award a task order for Firm Fixed Price Agile Software Development support services. Includes a phased source selection process.
CO
SalesForce CRM BPA Call
This was used on a multiple award BPA for the purpose of awarding a task order for agile development on a SalesForce CRM project.
May 29, 2013
Free Samples is a quirky indie dramedy about Jillian (in a truly terrific performance by Jess Weixler), a law school drop-out who fills in as server at her friends ice cream truck.  While spending the day giving out free samples This is an example page. Its different from a blog post because it will stay in one place and will show up in your site navigation (in most themes). Most people start with an About page that introduces them to potential site visitors. It might say something like this: Hi there! Im a bike messenger  Sample Page Lees verder Samples - Black News, Opinions, Politics and Culture | The Rootpartial picture of city #building #car #highwayLatest Philippine News for FilipinosIn Nielsen's Shadow, Rival Rentrak Builds MomentumGet the latest articles, videos, photo galleries and blogposts related to WRAL's coverage of free sampleTo show the camera capabilities of Nokia Lumia 1020, Nokia partnered with National Geographic for a special program. As part of this, they planned a ten-day adventure for National Geographic photographer Stephen Alvarez across tho...
AdvertisementThis is an example page. It's different from a blog post because it will stay in one place and will show up in your site navigation (in most themes). Most people start with an About page that introduces them to potential site visitors. It might say something like this: Hi there! I'm a bike messengerNew York City is home to the most passionate, hardworking visionaries of our time.Check out my latest presentation built on emaze.com, where anyone can create & share professional presentations, websites and photo albums in minutes.A sample is defined as a smaller set of data that is chosen and/or selected from a larger population by using a predefined selection method. This article discusses in detail the kinds of samples, different types of samples along with sampling methods and examples of each of these. It also mentions the steps to calculate the sample size along with details of an online sample as well as advantages of using a sample.Click here to view this item from https://madison.com.SAMPLE Product Information and Reviews: Math assessment tool that helps measure and place new ELL students into the appropriate classBrowse hundreds of resume samples to learn tips on how to craft your own resumes. View resume examples for hundreds of job types to help guide you as you create your own resume.Landing Page SampleFun & flexible software for online communities, teams, and groups, Happy English offers a variety of eBooks and eAudioBooks to help you learn English faster!
Tweetssample uploaded by greeneyed76This is an example page. Its different from a blog post because it will stay in one place and will show up in your site navigation (in most themes). Most people start with an About page thatThe Scientist's articles tagged with: samplesPlay Framework - The High Velocity Web Framework For Java and ScalaThis is a sample interior page.Sample Wordpress Plugin (usingcare2tap rsspath='2294' adsize='600x650' publisherid='1740' )Sample Wordpress Plugin - dedicated petition (using care2tap rsspath='553357688' adsize='600x650' publisherid='1740')Sample Wordpress Plugin (simpelist tagcare2tap)Phone CampaignStay tuned to Sole Collector for new Sample content dailyFoundation Directory Online is a research tool to help nonprofits find the grantmakers most likely to fund their projects. This tool includes grantmaker information and funding history.Breaking sample news, analysis and opinion, tailored for Australian CIOs, IT managers and IT professionals.This is an example page. Its different from a blog post because it will stay in one place and will show up in your site navigation (in most themes). Most people start with an About page that introduces them to potential site visitors. It might say something like this: Hi there! Im a bike messenger two samples made by : Anthony Simmons and Vinni Senatin :) hope you like themChad Lothian
Lately it seems like all the beer fests Ive attended have been big, 50+ brewers and hundreds of beers, but I have a soft spot for a small fest, I marked the Aroostook County Brewfest on my calendar the day they announced it as the one small festival I would hit this year. The Aroostook []
Chad Lothian
Chad Lothian lives in Old Town, Maine. He is a craft beer enthusiast and  homebrewer. Chad has travelled to brewpubs, breweries and brewfests all over New England.Updates from the Museum of Art
.
Laurie Brewer (Associate Curator, RISD Museum) will present her paper, Sample: Inspiration in Museum Collections, at the forthcoming Costume Colloquium V, 14-18 November, 2018, held in Florence, Italy. The conference will examine archives, masterpieces,...Sample Page
Sample Page
This is an example page. Its different from a blog post because it will stay in one place and will show up in your site navigation (in most themes). Most people start with an About page that introduces them to potential site visitors. It might say something like this:
Hi there! Im a bike messenger by day, aspiring actor by night, and this is my website. I live in Los Angeles, have a great dog named Jack, and I like pia coladas. (And gettin caught in the rain.)
or something like this:
The XYZ Doohickey Company was founded in 1971, and has been providing quality doohickeys to the public ever since. Located in Gotham City, XYZ employs over 2,000 people and does all kinds of awesome things for the Gotham community.
As a new WordPress user, you should go to
to delete this page and create new pages for your content. Have fun!
Welcome!
Welcome to your brand new blog!
This is a sidebar and can be changed inSampleZ
Sample
To learn about a paintings layer structure and its constituent parts, it is usually necessary to take a miniscule sample for examination and analysis. These samples typically measure less than 0.25 mm across (an average grain of table salt is about 0.3 mm across). Samples are only taken from areas of pre-existing damage or at the very edge of the painting, from an area hidden by the frame.Visit the post for more.Hello ! On centos 6 I compiled a make file in the /root/gnsdk1/samples/musicid_file_trackid/ Further, I am trying to call the program execution according to principle ./sample.exe as such ./sample 1306449674 C555285187836303E68EC7DEC0E31FBS "/root/gnsdk1/samples/playlist/gn_license.txt" but the program does not work.Meaning: "something which confirms a proposition or statement," from Anglo-French saumple, a shortening of Old French essample, from See more definitions.sample
One the best parts about a headless CMS like Kentico Cloud is the ability to develop in nearly any language. Whether its a slick JavaScript library like Angular or React, or a classic framework like .NET or ASP (shudder), using Kentico Cloud for your content delivery means you can focus entirely on the presentation. To help developers adopt this new platform, we have several open source projects to get you going. In this article, Ill show you how you start building your sites using the Kentico Cloud Sample JavaScript site.
SitemapBreaking news from the Farm since 1892Check out Sample from KBJR - I just entered here!This is an example page. It's different from a blog post because it will stay in one place and will show up in your site navigation (in most themes...000 Avenue of the Americas
New York, NY 11111
Dear Ms. Friendly:
I am a Middlebury senior, and was delighted to find your name in MiddNet because I am seeking an opportunity to speak with an experienced professional about the advertising and public relations career fields. Although I have had an internship with a local advertising company, I am hoping to learn more about the national and international advertising marketplace from your perspective.
As an intern for Evergreen Advertising and Marketing, I gained an appreciation for the creative and organizational aspects of communicating effectively with targeted consumers of media. I have developed excellent analytical, decision making, and interpersonal skills through my studies in International Politics and Economics, participation in the Student Investment Committee, and study abroad experience. My goal is to find the best way of presenting my skills and abilities to potential employers.
I would greatly appreciate having an opportunity to talk with you about your work and your point of view on effective job search strategies for graduating seniors like me. I will call you in the next week to see if we might be able to arrange a convenient time to talk. In the meantime, feel free to contact me at
802-443-0007
Thank you for considering my request.
Sincerely,Applying online and still no bite? This could be why....note to self!This is an example of a WordPress page, you could edit this to put information about yourself or your site so readers know where you are coming from. You can create as many pages as you like and manage all of your content inside of WordPress. This is an example of a WordPress page, you  ...Morebest car insurance in Avondale AZ
on
August 16, 2018Find sample official logos, images, and brand assets with usage guidelines on Brandfolder, the home for digital asset management.What is a Sample? In statistics, you'll be working with samples. A sample is just a part of a population. Statistics explained simply. Step by step videos.Get Free Samples. On Sale today at Katz Gluten Free! Compare Coupons & Rebates prices & check availability for Free Samples.. Get it right now at your nearest store in Billings.Audit
Asks
With the Increase in Parcel Volume, What is the Impact on Rural Area Customers and Carriers?
There are about 136,000 rural letter carriers and contract delivery suppliers serving thousands of families and businesses in rural and suburban areas covering millions of miles daily. Most recent statistics show that rural letter carriers delivered over 800 million letters and parcels over the...
Is USPS Maintaining HVAC Equipment to Ensure Comfortable Working Conditions in Facilities?
The goal of preventive maintenance is to improve and prolong building and equipment life, avoid unplanned maintenance, and lower overall maintenance costs. An effective and efficient preventive maintenance program must be in place to ensure optimal performance, minimum downtime, and appropriate...
As a USPS Employee, Has Your Personal Information Ever Been Released Without Your Authorization?
On August 28, 2018, the New York Times published an article reporting that the Postal Service released the full, unredacted federal security clearance application of former Postal Inspector Abigail Spanberger. The Postal Service released this file in response to a request from a political action...brings you closer to software!Create. Innovate. Code. Starting in:Posts about sample written by NaomiLibGuides: Developing Records Retention and Disposition Schedules: Sample Records ScheduleFunny videos, fail videos, funny pictures, funny galleries, funny links, flash games, jokes, caption contests, photoshop contestsBuy
Sample Page
This is an example page. Its different from a blog post because it will stay in one place and will show up in your site navigation (in most themes). Most people start with an About page that introduces them to potential site visitors. It might say something like this:
Hi there! Im a bike messenger by day, aspiring actor by night, and this is my blog. I live in Los Angeles, have a great dog named Jack, and I like pia coladas. (And gettin caught in the rain.)
or something like this:
The XYZ Doohickey Company was founded in 1971, and has been providing quality doohickeys to the public ever since. Located in Gotham City, XYZ employs over 2,000 people and does all kinds of awesome things for the Gotham community.
As a new WordPress user, you should go toTEXTWord Wheel - AN Words
AN word wheel. This 2-page print-out makes a word wheel; it consists of a base page together with a wheel that spins around. When you spin the wheel, six words that rhyme with an are formed, one at a time: pan, fan, man, ran, can, and van. The student then writes down the words that are formed by the word wheel and six others with the same ending.
Global Treasure Hunt #1
This activity requires a globe or detailed world map (one showing country names, latitude and longitude). Then follow the directions to travel around the globe to the final geography destination. When you are done, unscramble the circled words to find the hidden treasure. OrShelley Carranza13 August 2018Comment. Name *. Email *. Website. Copyright  2014. Created by Meks. Powered by WordPress.All personally delivered by Peter Ryding, a multiple award winning business performance expert, transformational strategy adviser and top executive coach to CEOs and their boards. Then this master class for Inspiring Business Success is for you.Sample Requirements for
Leukocyte Lysosomal Enzyme Screen
Collect 4-6 ml of whole blood in an EDTA (purple-top) or heparin (green-top) tube. Mix well. Minimum amount is 2 ml. Tube should be kept at room temperature. Do not chill or spin. Send overnight Monday through Thursday only, not on Friday. Send blood in a well-insulated container (e.g. styrofoam box) to keep from getting too hot or cold.
A
of the patient MUST accompany the sample
A
cover letter must be enclosed INSIDE the box
with the following information:
Patient's full name, date of birth, patient identification number(s), e.g. hospital #, medical record #, laboratory accession #, etc.
Name of referring physician, physician's address and phone and fax numbers.
Billing address for the facility or patient. We do not bill insurance. We do accept Visa and Mastercard. See billing requirements form for more information.
Address for return of results.
Ship via Federal Express or other carrier so that sample arrives preferably within 24 hours of drawing. We do not pay for shipping.
Pack well to protect sample from temperature extremes and breakage.
Styrofoam boxes with insulating packing material give the best results.
NOTE:
YOU MUST FOLLOW ALL GUIDELINES FOR SHIPPING MEDICAL SPECIMENS.
USE THE PROPER PACKAGING TO AVOID VIOLATING FEDERAL LAWS.
CONTACT CARRIER IN ADVANCE IF YOU ARE NOT FAMILIAR WITH THESE REGULATIONS.Tracker: How to target more devices with fewer icons & launch images
I recently started building a Geo Tracker App in Titanium to support Compassion and open-sourced the code for us all to learn from. I will guide you through the code in a series of blog posts and share some best practices as I continue to develop the app. Lets start with some new Titanium features []
BySamples retrieved by Captain Scott's famous Discovery expedition (1901-1904) have been reanalyzed using modern technology, revealing how the Antarctic hasPosts about Free sample written by The SaneBox GangPosts about samples written by thatsmybiz, Royce Dunmore, kiyonnathewriter, Jada Gomez-Lacayo, Deputy Editor, and Brittany Lewis1520 St. Olaf Avenue
Northfield, MN 55057. We are grateful for the impact your gifts make possible on the Hill..  2019 All Rights ReservedGallery Quality PrintsSample Page
Sample Page
This is an example page. Its different from a blog post because it will stay in one place and will show up in your site navigation (in most themes). Most people start with an About page that introduces them to potential site visitors. It might say something like this:
Hi there! Im a bike messenger by day, aspiring actor by night, and this is my website. I live in Los Angeles, have a great dog named Jack, and I like pia coladas. (And gettin caught in the rain.)
or something like this:
The XYZ Doohickey Company was founded in 1971, and has been providing quality doohickeys to the public ever since. Located in Gotham City, XYZ employs over 2,000 people and does all kinds of awesome things for the Gotham community.
As a new WordPress user, you should go toHiscox NOW Documents
Sorry this page has moved.
Please visit our NEW resource center on your wholesaler's Hiscox NOW portal to view sample applications, specimen forms, endorsements and more.
For questions or help finding your NOW portal, please contact our service center at:
1-866-739-0727Developing a Covenant of Right Relations is an important step in clarifying expectations and creating a safe environment for congregations.Debenhams News, Fashion & Lifestyle Blog Copyright 2018 IEEE Communications Society - All rights reserved. Use of this Web site signifies your agreement to the IEEE Terms and Conditions.A not-for-profit organization, IEEE is the world's largest professional association for the advancement of technology.and some more words.This is an example page. It's different from a blog post because it will stay in one place and will show up in your site navigation (in most themes). Most people start with an About page that introduces them to potential site visitors. It might say something like this: Hi there! I'm a bike messenCourse Status: Course Price: Free Free Sample Of Each Course Just Register for a free account and then click the Green Button to view a full lesson from each MMA course. Course Materials CourseExpert Interviews
Free Sample Content
In order to have a better idea of the type of content you can expect as a WorkplaceTrends.com member, we have shared four free sample articles with you below. Trending articles are the primary type of content we offer and are short consolidated research pieces that cite the trend, geography, source, date, findings and recommendations. Case studies provide you with information about the company, challenge, what they did and the results. Infographics are visual representations of complex data derived from primary and secondary research. Expert interviews are short audio interviews with prominent thought leaders and executives in the HR space.
Trending Article"I can't express how happy and pleased we are working with
RFID Journal
. Your marketing services team has developed a great Web site, a great newsletter and great webinars for VILRI. We can't thank you enough for your dedication and commitment. We just couldn't have made this impact or progress without you!!!!"
Joe Andraski, President and CEO, VICS
Provided below are some samples of the VILRI website and newsletter. Please click on each image to view a larger version.
WEBSITE7 Criteria for Selecting Your PMP Exam Simulator
The Project Management Professional (PMP) certification is a must-have for many project managers. It demonstrates your ability as a project manager to your current and prospective employers, and can help you take the next step up the corporate ladder. That said, it is not an easy road, and preparing for the exam can be aReadA sample invoice created by the Shopify invoice generator. Make your own custom invoice for free and download in PDF format.See the Glog! Sample: sample | Glogster EDU - Interactive multimedia postersSample Delegates PageCheatography Cheat Sheets are a great timesaver for individuals - coders, gardeners, musicians, everybody! But businesses can benefit from them as well - read on to find out more.
Recent ActivityThis is a sample news post. News is optional, so if you don't need it, just delete this post.2018 Filmmaker Magazine  All Rights Reserved  A Publication of
IFPView sample's profile on Domestika, the largest creative community in Spanish.79 comments
- 11.21.2010
I was actually thrilled to see a market of producteurs that was happening this weekend in Paris. We have some great food available in Paris but I dont get the opportunity often to meet and shop directly from the people who are producing the food. This is especially true with meat, which is sold by butchers and not the people who raise it, but ISample in Permanent, Insurance, Under INR400,000, Commercial Finance Manager with AICPA (Sample Company). Apply Today.A Blog for the Chemical and Bio-Pharmaceutical Industries from METTLER TOLEDO
MenuForgot password?. 2018  Algorithmia, Inc. Privacy Policy | Terms & ConditionsAs published in the Rochester Post Bulletin.Monday - Thursday 8:00 a.m. 5:00 p.m.
Friday 8:00 a.m. - 3:00 p.m.
Log In to Handshake
Resume Samples
If you are stuck and dont know where to start, take a look at the resume samples below to help guide you as your create and update your resume. If you have questions regarding your resume, contact us to make an appointment with your advisor.

Referencing the University of Wisconsin Oshkosh in your resume:
Use University of Wisconsin Oshkosh (no hyphen) on first reference. (The hyphen is only acceptable in athletic marketing materials).
General ExamplesAkin to the 'small piece of a larger entity' definition is the statistical definition, in which a sample is a subset of items drawn from the (theoretica...fighting lawn diseases
Many diseases will leave bleached-out, dead turf. When this occurs you not only lose the grass, but you also lose the opportunity to determine what caused the problem. Diseases are progressive in nature, especially during hot, humid weather. It is important to check your lawn regularly if you want to spot disease symptoms early on. Look for spots or banding, color changes, or signs of decay on grass blades. When you
Recent Postssample takes a sample of the specified size from the elements
  of x using either with or without replacement.Each year LULAC councils throughout the United States celebrate the founding of LULAC during LULAC Week which always takes place in February during the week that February 17 falls in. Many councils request their city, state or county to recognize National LULAC Week with a resolution that is presented during a council-sponsored activity.Judicial Watch is a 501(c)(3) nonprofit organization. Contributions are received from individuals, foundations, and corporations and are tax-deductible to the extent allowed by law.
425 Third Street SW, Suite 800
Washington, DC 20024Nationally recognized, DePauw provides a set of exceptional college experiences marked by intellectual rigor and shaped by a dynamic faculty. These experiences are further enhanced by an engaging residential campus community and a breadth and depth of perspectives inside and outside of the classroom. For nearly 175 years, a DePauw education has provided students with a solid foundation for a lifetime of living and learning and helped our graduates achieve uncommon success in a wide variety of fields around the nation and the world.This is the updated sample-pageUAMSAPIdock release: IRON STEVE (1.4)
If you have any comments, ideas or feedback, feel free to contact us at
APIdock copyright Nodeta Oy 2008-2019Search for:
Sample Page
This is an example page. Its different from a blog post because it will stay in one place and will show up in your site navigation (in most themes). Most people start with an About page that introduces them to potential site visitors. It might say something like this:
Hi there! Im a bike messenger by day, aspiring actor by night, and this is my website. I live in Los Angeles, have a great dog named Jack, and I like pia coladas. (And gettin caught in the rain.)
or something like this:
The XYZ Doohickey Company was founded in 1971, and has been providing quality doohickeys to the public ever since. Located in Gotham City, XYZ employs over 2,000 people and does all kinds of awesome things for the Gotham community.
As a new WordPress user, you should go to
to delete this page and create new pages for your content. Have fun!
Search for:Posts about Sample Issues written by prodweekA dream whereby you are being given merchandise
samples
denotes that you will see a good increase in your business. If you dream that you are given the choice between one
sample
or the other will show that you have a decision to make and it will be a complex one.Free Samples (2013) Pictures, Trailer, Reviews, News, DVD and SoundtrackContent tagged with sample.X
EU Visitor Notice: This Website Uses Cookies
This website uses cookies to improve user experience, to provide analytical data to better serve our visitors, and to serve advertising to fund our operations. By using our website you consent to all cookies in accordance with our(Note: make sure your browser doesn't         change file extension or append a new one).
The easiest way to run this application is simply to move the war file         to your
CATALINA_HOME/webapps
directory. Tomcat will automatically         expand and deploy the application for you. You can view it with the         following URL (assuming that you're running tomcat on port 8080         as is the default):
If you just want to browse the contents, you can unpack the war file         with the
jarfreebiezz
My blog may provide you with a few opportunities! Every day i add new points to my website for just.. doing simple task or reffering friends and get real cash or gift cardsHOPE YOU LIKE MY BLOGNJOY N.. KEEP VISITING.
Owner:The Brewbound Session conference engages brewery leaders through special opportunities to participate, including the Sampling Bar and Startup Brewery Challenge.Sample Page
Sample Page
This is an example page. Its different from a blog post because it will stay in one place and will show up in your site navigation (in most themes). Most people start with an About page that introduces them to potential site visitors. It might say something like this:
Hi there! Im a bike messenger by day, aspiring actor by night, and this is my website. I live in Los Angeles, have a great dog named Jack, and I like pia coladas. (And gettin caught in the rain.)
or something like this:
The XYZ Doohickey Company was founded in 1971, and has been providing quality doohickeys to the public ever since. Located in Gotham City, XYZ employs over 2,000 people and does all kinds of awesome things for the Gotham community.
As a new WordPress user, you should go to
to delete this page and create new pages for your content. Have fun!
Search